shipment_id,origin_hub,destination_hub,weight_kg,priority,ship_time,deadline,expected_scan_sequence,current_status,actual_scan_log
S0001,H06,H05,178.4,3,2025-01-01 01:14:41.100297,2025-01-01 17:08:41.100297,"['H06', 'H01', 'H05']",in_transit,"[['H06', Timestamp('2025-01-01 01:14:41.100297')], ['H01', Timestamp('2025-01-01 03:17:50.385923')], ['H05', Timestamp('2025-01-01 05:43:57.462033')]]"
S0002,H07,H06,102.0,3,2025-01-01 09:44:14.049035,2025-01-02 04:32:14.049035,"['H07', 'H01', 'H06']",in_transit,"[['H07', Timestamp('2025-01-01 09:44:14.049035')], ['H01', Timestamp('2025-01-01 12:56:10.048423')], ['H06', Timestamp('2025-01-01 16:09:43.984174')]]"
S0003,H09,H05,20.4,4,2025-01-01 08:00:41.331146,2025-01-01 21:36:41.331146,"['H09', 'H01', 'H05']",misplaced,"[['H09', Timestamp('2025-01-01 08:00:41.331146')], ['H06', Timestamp('2025-01-01 10:00:41.331146')]]"
S0004,H03,H09,68.9,2,2025-01-01 02:56:15.591084,2025-01-01 11:38:15.591084,"['H03', 'H01', 'H09']",in_transit,"[['H03', Timestamp('2025-01-01 02:56:15.591084')], ['H01', Timestamp('2025-01-01 06:50:31.141875')], ['H09', Timestamp('2025-01-01 08:37:55.765917')]]"
S0005,H08,H07,92.2,3,2025-01-01 01:39:59.211794,2025-01-01 17:15:59.211794,"['H08', 'H01', 'H07']",in_transit,"[['H08', Timestamp('2025-01-01 01:39:59.211794')], ['H01', Timestamp('2025-01-01 03:31:14.288385')], ['H07', Timestamp('2025-01-01 05:48:01.301480')]]"
S0006,H06,H07,189.8,5,2025-01-01 02:44:43.992963,2025-01-01 07:56:43.992963,"['H06', 'H01', 'H07']",in_transit,"[['H06', Timestamp('2025-01-01 02:44:43.992963')], ['H01', Timestamp('2025-01-01 04:45:45.798899')], ['H07', Timestamp('2025-01-01 07:28:12.132888')]]"
S0007,H07,H06,36.2,4,2025-01-01 05:07:51.096701,2025-01-01 09:37:51.096701,"['H07', 'H01', 'H06']",in_transit,"[['H07', Timestamp('2025-01-01 05:07:51.096701')], ['H01', Timestamp('2025-01-01 07:43:34.590145')], ['H06', Timestamp('2025-01-01 10:58:05.459535')]]"
S0008,H10,H08,156.8,1,2025-01-01 00:20:52.762769,2025-01-01 10:14:52.762769,"['H10', 'H01', 'H08']",in_transit,"[['H10', Timestamp('2025-01-01 00:20:52.762769')], ['H01', Timestamp('2025-01-01 02:35:55.139518')], ['H08', Timestamp('2025-01-01 06:07:26.812950')]]"
S0009,H07,H01,190.0,4,2025-01-01 06:03:03.413839,2025-01-01 16:03:03.413839,"['H07', 'H01']",in_transit,"[['H07', Timestamp('2025-01-01 06:03:03.413839')], ['H01', Timestamp('2025-01-01 09:40:26.033911')]]"
S0010,H02,H03,131.7,3,2025-01-01 05:17:40.555735,2025-01-01 13:17:40.555735,"['H02', 'H01', 'H03']",in_transit,"[['H02', Timestamp('2025-01-01 05:17:40.555735')], ['H01', Timestamp('2025-01-01 08:29:14.809731')], ['H03', Timestamp('2025-01-01 10:23:53.996567')]]"
S0011,H02,H01,80.5,3,2025-01-01 07:21:24.294941,2025-01-01 20:21:24.294941,"['H02', 'H01']",in_transit,"[['H02', Timestamp('2025-01-01 07:21:24.294941')], ['H01', Timestamp('2025-01-01 09:27:59.511460')]]"
S0012,H05,H10,124.3,2,2025-01-01 07:02:25.361203,2025-01-01 22:08:25.361203,"['H05', 'H01', 'H10']",misplaced,"[['H05', Timestamp('2025-01-01 07:02:25.361203')], ['H04', Timestamp('2025-01-01 09:02:25.361203')]]"
S0013,H08,H04,93.1,5,2025-01-01 01:13:34.947189,2025-01-01 19:37:34.947189,"['H08', 'H01', 'H04']",in_transit,"[['H08', Timestamp('2025-01-01 01:13:34.947189')], ['H01', Timestamp('2025-01-01 03:18:21.647116')], ['H04', Timestamp('2025-01-01 05:49:07.074043')]]"
S0014,H08,H02,197.4,5,2025-01-01 08:06:18.475861,2025-01-01 22:48:18.475861,"['H08', 'H01', 'H02']",in_transit,"[['H08', Timestamp('2025-01-01 08:06:18.475861')], ['H01', Timestamp('2025-01-01 11:12:22.785751')], ['H02', Timestamp('2025-01-01 13:47:11.995823')]]"
S0015,H02,H09,171.0,5,2025-01-01 05:25:18.169004,2025-01-01 20:49:18.169004,"['H02', 'H01', 'H09']",in_transit,"[['H02', Timestamp('2025-01-01 05:25:18.169004')], ['H01', Timestamp('2025-01-01 08:27:25.131440')], ['H09', Timestamp('2025-01-01 10:27:01.051362')]]"
S0016,H03,H06,44.2,2,2025-01-01 05:05:15.206826,2025-01-01 11:17:15.206826,"['H03', 'H01', 'H06']",in_transit,"[['H03', Timestamp('2025-01-01 05:05:15.206826')], ['H01', Timestamp('2025-01-01 07:33:34.728849')], ['H06', Timestamp('2025-01-01 10:49:17.349393')]]"
S0017,H08,H01,96.1,3,2025-01-01 03:36:32.274880,2025-01-01 23:18:32.274880,"['H08', 'H01']",in_transit,"[['H08', Timestamp('2025-01-01 03:36:32.274880')], ['H01', Timestamp('2025-01-01 06:59:23.204338')]]"
S0018,H03,H02,144.8,3,2025-01-01 00:39:26.931790,2025-01-01 12:21:26.931790,"['H03', 'H01', 'H02']",in_transit,"[['H03', Timestamp('2025-01-01 00:39:26.931790')], ['H01', Timestamp('2025-01-01 02:18:50.005553')], ['H02', Timestamp('2025-01-01 04:04:05.773992')]]"
S0019,H07,H10,194.6,1,2025-01-01 08:14:00.218382,2025-01-01 22:32:00.218382,"['H07', 'H01', 'H10']",in_transit,"[['H07', Timestamp('2025-01-01 08:14:00.218382')], ['H01', Timestamp('2025-01-01 10:12:02.856903')], ['H10', Timestamp('2025-01-01 12:30:56.721107')]]"
S0020,H08,H10,176.2,3,2025-01-01 06:48:03.923663,2025-01-01 23:18:03.923663,"['H08', 'H01', 'H10']",in_transit,"[['H08', Timestamp('2025-01-01 06:48:03.923663')], ['H01', Timestamp('2025-01-01 08:57:25.104222')], ['H10', Timestamp('2025-01-01 12:36:48.833149')]]"
S0021,H10,H03,103.1,2,2025-01-01 07:40:40.138945,2025-01-02 01:34:40.138945,"['H10', 'H01', 'H03']",in_transit,"[['H10', Timestamp('2025-01-01 07:40:40.138945')], ['H01', Timestamp('2025-01-01 10:46:32.116216')], ['H03', Timestamp('2025-01-01 13:46:04.853680')]]"
S0022,H02,H09,67.9,2,2025-01-01 01:31:48.556805,2025-01-01 16:49:48.556805,"['H02', 'H01', 'H09']",misplaced,"[['H02', Timestamp('2025-01-01 01:31:48.556805')], ['H01', Timestamp('2025-01-01 05:06:04.734125')]]"
S0023,H06,H09,53.9,4,2025-01-01 08:56:57.333006,2025-01-01 23:08:57.333006,"['H06', 'H01', 'H09']",in_transit,"[['H06', Timestamp('2025-01-01 08:56:57.333006')], ['H01', Timestamp('2025-01-01 11:35:38.078282')], ['H09', Timestamp('2025-01-01 13:31:30.825899')]]"
S0024,H09,H05,109.0,3,2025-01-01 01:15:06.130625,2025-01-01 13:15:06.130625,"['H09', 'H01', 'H05']",in_transit,"[['H09', Timestamp('2025-01-01 01:15:06.130625')], ['H01', Timestamp('2025-01-01 04:45:11.651074')], ['H05', Timestamp('2025-01-01 08:32:59.794292')]]"
S0025,H03,H10,180.9,4,2025-01-01 01:42:43.222430,2025-01-01 11:06:43.222430,"['H03', 'H01', 'H10']",in_transit,"[['H03', Timestamp('2025-01-01 01:42:43.222430')], ['H01', Timestamp('2025-01-01 04:53:32.213165')], ['H10', Timestamp('2025-01-01 07:10:30.884869')]]"
S0026,H10,H01,13.9,1,2025-01-01 08:15:08.505624,2025-01-01 22:33:08.505624,"['H10', 'H01']",misplaced,"[['H10', Timestamp('2025-01-01 08:15:08.505624')], ['H04', Timestamp('2025-01-01 10:15:08.505624')]]"
S0027,H10,H05,86.2,4,2025-01-01 06:30:40.679189,2025-01-01 20:42:40.679189,"['H10', 'H01', 'H05']",in_transit,"[['H10', Timestamp('2025-01-01 06:30:40.679189')], ['H01', Timestamp('2025-01-01 08:58:56.848613')], ['H05', Timestamp('2025-01-01 11:58:24.680970')]]"
S0028,H08,H09,99.2,5,2025-01-01 02:53:48.179645,2025-01-01 19:47:48.179645,"['H08', 'H01', 'H09']",misplaced,"[['H08', Timestamp('2025-01-01 02:53:48.179645')]]"
S0029,H07,H05,35.8,4,2025-01-01 04:32:07.588786,2025-01-01 15:08:07.588786,"['H07', 'H01', 'H05']",in_transit,"[['H07', Timestamp('2025-01-01 04:32:07.588786')], ['H01', Timestamp('2025-01-01 07:46:08.485125')], ['H05', Timestamp('2025-01-01 10:52:55.825981')]]"
S0030,H08,H04,173.0,2,2025-01-01 03:24:06.932461,2025-01-01 12:30:06.932461,"['H08', 'H01', 'H04']",in_transit,"[['H08', Timestamp('2025-01-01 03:24:06.932461')], ['H01', Timestamp('2025-01-01 06:17:21.145643')], ['H04', Timestamp('2025-01-01 09:00:47.923879')]]"
S0031,H06,H07,114.5,3,2025-01-01 01:18:27.581456,2025-01-01 10:24:27.581456,"['H06', 'H01', 'H07']",in_transit,"[['H06', Timestamp('2025-01-01 01:18:27.581456')], ['H01', Timestamp('2025-01-01 03:35:38.801588')], ['H07', Timestamp('2025-01-01 06:13:17.810325')]]"
S0032,H08,H02,23.9,2,2025-01-01 02:40:28.980280,2025-01-01 11:16:28.980280,"['H08', 'H01', 'H02']",in_transit,"[['H08', Timestamp('2025-01-01 02:40:28.980280')], ['H01', Timestamp('2025-01-01 05:04:20.332830')], ['H02', Timestamp('2025-01-01 06:35:46.583786')]]"
S0033,H07,H10,36.1,5,2025-01-01 02:28:57.730094,2025-01-01 11:40:57.730094,"['H07', 'H01', 'H10']",in_transit,"[['H07', Timestamp('2025-01-01 02:28:57.730094')], ['H01', Timestamp('2025-01-01 06:01:14.673560')], ['H10', Timestamp('2025-01-01 09:55:49.135365')]]"
S0034,H10,H06,199.2,2,2025-01-01 01:53:54.027644,2025-01-01 13:23:54.027644,"['H10', 'H01', 'H06']",in_transit,"[['H10', Timestamp('2025-01-01 01:53:54.027644')], ['H01', Timestamp('2025-01-01 04:38:08.756275')], ['H06', Timestamp('2025-01-01 07:50:51.026310')]]"
S0035,H05,H08,103.6,5,2025-01-01 00:13:54.346736,2025-01-01 19:43:54.346736,"['H05', 'H01', 'H08']",in_transit,"[['H05', Timestamp('2025-01-01 00:13:54.346736')], ['H01', Timestamp('2025-01-01 03:49:53.372955')], ['H08', Timestamp('2025-01-01 06:33:11.668562')]]"
S0036,H04,H06,121.5,2,2025-01-01 00:29:11.692785,2025-01-01 17:59:11.692785,"['H04', 'H01', 'H06']",in_transit,"[['H04', Timestamp('2025-01-01 00:29:11.692785')], ['H01', Timestamp('2025-01-01 02:03:49.439136')], ['H06', Timestamp('2025-01-01 05:27:58.948703')]]"
S0037,H08,H05,89.0,4,2025-01-01 05:22:00.866974,2025-01-01 23:28:00.866974,"['H08', 'H01', 'H05']",in_transit,"[['H08', Timestamp('2025-01-01 05:22:00.866974')], ['H01', Timestamp('2025-01-01 07:33:14.543238')], ['H05', Timestamp('2025-01-01 10:23:53.020802')]]"
S0038,H06,H07,116.2,3,2025-01-01 03:39:33.744691,2025-01-01 10:45:33.744691,"['H06', 'H01', 'H07']",in_transit,"[['H06', Timestamp('2025-01-01 03:39:33.744691')], ['H01', Timestamp('2025-01-01 06:18:09.637176')], ['H07', Timestamp('2025-01-01 09:39:32.301443')]]"
S0039,H09,H05,154.1,3,2025-01-01 00:44:07.142991,2025-01-01 09:14:07.142991,"['H09', 'H01', 'H05']",in_transit,"[['H09', Timestamp('2025-01-01 00:44:07.142991')], ['H01', Timestamp('2025-01-01 03:36:34.678652')], ['H05', Timestamp('2025-01-01 05:23:33.577610')]]"
S0040,H10,H02,77.8,1,2025-01-01 01:17:11.882065,2025-01-01 21:05:11.882065,"['H10', 'H01', 'H02']",in_transit,"[['H10', Timestamp('2025-01-01 01:17:11.882065')], ['H01', Timestamp('2025-01-01 04:43:27.899316')], ['H02', Timestamp('2025-01-01 08:16:57.444588')]]"
S0041,H09,H06,104.3,2,2025-01-01 07:32:58.746203,2025-01-01 19:32:58.746203,"['H09', 'H01', 'H06']",in_transit,"[['H09', Timestamp('2025-01-01 07:32:58.746203')], ['H01', Timestamp('2025-01-01 11:06:22.244553')], ['H06', Timestamp('2025-01-01 12:42:36.739253')]]"
S0042,H01,H10,97.4,3,2025-01-01 01:22:13.309448,2025-01-01 12:40:13.309448,"['H01', 'H10']",in_transit,"[['H01', Timestamp('2025-01-01 01:22:13.309448')], ['H10', Timestamp('2025-01-01 04:14:10.488920')]]"
S0043,H10,H09,67.1,5,2025-01-01 01:23:52.115488,2025-01-01 11:41:52.115488,"['H10', 'H01', 'H09']",misplaced,"[['H10', Timestamp('2025-01-01 01:23:52.115488')], ['H07', Timestamp('2025-01-01 03:23:52.115488')]]"
S0044,H10,H05,104.4,3,2025-01-01 05:56:14.087603,2025-01-01 17:44:14.087603,"['H10', 'H01', 'H05']",in_transit,"[['H10', Timestamp('2025-01-01 05:56:14.087603')], ['H01', Timestamp('2025-01-01 08:10:53.468019')], ['H05', Timestamp('2025-01-01 12:10:47.282043')]]"
S0045,H10,H05,69.6,1,2025-01-01 04:44:56.133600,2025-01-01 10:32:56.133600,"['H10', 'H01', 'H05']",in_transit,"[['H10', Timestamp('2025-01-01 04:44:56.133600')], ['H01', Timestamp('2025-01-01 07:07:13.326391')], ['H05', Timestamp('2025-01-01 10:39:43.883657')]]"
S0046,H07,H05,139.2,4,2025-01-01 07:58:03.173301,2025-01-01 12:22:03.173301,"['H07', 'H01', 'H05']",in_transit,"[['H07', Timestamp('2025-01-01 07:58:03.173301')], ['H01', Timestamp('2025-01-01 11:57:08.792460')], ['H05', Timestamp('2025-01-01 15:23:29.477309')]]"
S0047,H08,H05,156.4,4,2025-01-01 09:40:14.545062,2025-01-01 22:52:14.545062,"['H08', 'H01', 'H05']",in_transit,"[['H08', Timestamp('2025-01-01 09:40:14.545062')], ['H01', Timestamp('2025-01-01 13:11:50.869514')], ['H05', Timestamp('2025-01-01 16:10:02.184587')]]"
S0048,H01,H08,125.8,4,2025-01-01 01:42:18.434223,2025-01-01 19:12:18.434223,"['H01', 'H08']",in_transit,"[['H01', Timestamp('2025-01-01 01:42:18.434223')], ['H08', Timestamp('2025-01-01 04:58:55.219858')]]"
S0049,H03,H04,26.4,5,2025-01-01 00:18:56.538480,2025-01-01 04:36:56.538480,"['H03', 'H01', 'H04']",in_transit,"[['H03', Timestamp('2025-01-01 00:18:56.538480')], ['H01', Timestamp('2025-01-01 02:13:50.373039')], ['H04', Timestamp('2025-01-01 04:04:43.487732')]]"
S0050,H06,H07,85.0,4,2025-01-01 01:30:51.525292,2025-01-01 17:54:51.525292,"['H06', 'H01', 'H07']",in_transit,"[['H06', Timestamp('2025-01-01 01:30:51.525292')], ['H01', Timestamp('2025-01-01 03:31:54.009779')], ['H07', Timestamp('2025-01-01 05:10:48.230282')]]"
S0051,H08,H01,114.4,3,2025-01-01 07:03:27.908357,2025-01-02 03:03:27.908357,"['H08', 'H01']",in_transit,"[['H08', Timestamp('2025-01-01 07:03:27.908357')], ['H01', Timestamp('2025-01-01 09:15:37.673526')]]"
S0052,H08,H09,94.6,5,2025-01-01 03:46:05.691943,2025-01-01 16:16:05.691943,"['H08', 'H01', 'H09']",in_transit,"[['H08', Timestamp('2025-01-01 03:46:05.691943')], ['H01', Timestamp('2025-01-01 06:04:38.574486')], ['H09', Timestamp('2025-01-01 09:20:15.058342')]]"
S0053,H09,H06,137.7,5,2025-01-01 06:45:31.268756,2025-01-01 23:39:31.268756,"['H09', 'H01', 'H06']",in_transit,"[['H09', Timestamp('2025-01-01 06:45:31.268756')], ['H01', Timestamp('2025-01-01 08:55:37.356353')], ['H06', Timestamp('2025-01-01 12:34:19.507958')]]"
S0054,H05,H08,113.8,2,2025-01-01 01:55:21.510089,2025-01-01 09:31:21.510089,"['H05', 'H01', 'H08']",in_transit,"[['H05', Timestamp('2025-01-01 01:55:21.510089')], ['H01', Timestamp('2025-01-01 05:07:15.203932')], ['H08', Timestamp('2025-01-01 06:51:32.230406')]]"
S0055,H05,H10,100.4,4,2025-01-01 07:02:56.433726,2025-01-01 18:44:56.433726,"['H05', 'H01', 'H10']",in_transit,"[['H05', Timestamp('2025-01-01 07:02:56.433726')], ['H01', Timestamp('2025-01-01 10:30:47.653161')], ['H10', Timestamp('2025-01-01 14:18:36.571567')]]"
S0056,H09,H05,110.9,3,2025-01-01 02:52:40.417518,2025-01-01 21:10:40.417518,"['H09', 'H01', 'H05']",in_transit,"[['H09', Timestamp('2025-01-01 02:52:40.417518')], ['H01', Timestamp('2025-01-01 06:32:43.845832')], ['H05', Timestamp('2025-01-01 08:21:45.839350')]]"
S0057,H07,H06,61.6,4,2025-01-01 09:32:45.919082,2025-01-01 18:08:45.919082,"['H07', 'H01', 'H06']",misplaced,"[['H07', Timestamp('2025-01-01 09:32:45.919082')], ['H03', Timestamp('2025-01-01 11:32:45.919082')]]"
S0058,H02,H06,150.7,4,2025-01-01 09:14:24.346748,2025-01-01 16:38:24.346748,"['H02', 'H01', 'H06']",in_transit,"[['H02', Timestamp('2025-01-01 09:14:24.346748')], ['H01', Timestamp('2025-01-01 12:38:37.609035')], ['H06', Timestamp('2025-01-01 15:50:03.720018')]]"
S0059,H09,H05,31.8,4,2025-01-01 09:19:48.861616,2025-01-01 23:13:48.861616,"['H09', 'H01', 'H05']",in_transit,"[['H09', Timestamp('2025-01-01 09:19:48.861616')], ['H01', Timestamp('2025-01-01 12:16:25.691380')], ['H05', Timestamp('2025-01-01 14:26:44.145749')]]"
S0060,H10,H04,108.6,4,2025-01-01 02:25:28.489383,2025-01-01 16:37:28.489383,"['H10', 'H01', 'H04']",in_transit,"[['H10', Timestamp('2025-01-01 02:25:28.489383')], ['H01', Timestamp('2025-01-01 05:03:16.414886')], ['H04', Timestamp('2025-01-01 08:08:19.064756')]]"
S0061,H01,H02,24.6,4,2025-01-01 04:07:58.849178,2025-01-01 20:25:58.849178,"['H01', 'H02']",in_transit,"[['H01', Timestamp('2025-01-01 04:07:58.849178')], ['H02', Timestamp('2025-01-01 05:51:56.702234')]]"
S0062,H01,H09,132.3,2,2025-01-01 09:46:44.785626,2025-01-02 03:52:44.785626,"['H01', 'H09']",in_transit,"[['H01', Timestamp('2025-01-01 09:46:44.785626')], ['H09', Timestamp('2025-01-01 11:58:28.816817')]]"
S0063,H08,H10,61.0,4,2025-01-01 06:30:19.392907,2025-01-01 15:06:19.392907,"['H08', 'H01', 'H10']",in_transit,"[['H08', Timestamp('2025-01-01 06:30:19.392907')], ['H01', Timestamp('2025-01-01 08:55:41.033474')], ['H10', Timestamp('2025-01-01 12:48:13.320184')]]"
S0064,H01,H02,149.0,2,2025-01-01 06:31:22.754295,2025-01-02 00:07:22.754295,"['H01', 'H02']",misplaced,"[['H01', Timestamp('2025-01-01 06:31:22.754295')], ['H04', Timestamp('2025-01-01 08:31:22.754295')]]"
S0065,H01,H03,187.1,4,2025-01-01 04:10:43.859361,2025-01-01 08:46:43.859361,"['H01', 'H03']",in_transit,"[['H01', Timestamp('2025-01-01 04:10:43.859361')], ['H03', Timestamp('2025-01-01 07:20:21.153748')]]"
S0066,H07,H08,175.1,4,2025-01-01 01:51:47.218749,2025-01-01 10:27:47.218749,"['H07', 'H01', 'H08']",in_transit,"[['H07', Timestamp('2025-01-01 01:51:47.218749')], ['H01', Timestamp('2025-01-01 03:31:17.194924')], ['H08', Timestamp('2025-01-01 06:21:27.015103')]]"
S0067,H01,H10,186.0,4,2025-01-01 02:59:02.119584,2025-01-01 12:23:02.119584,"['H01', 'H10']",misplaced,"[['H01', Timestamp('2025-01-01 02:59:02.119584')]]"
S0068,H08,H09,31.2,5,2025-01-01 05:14:35.467254,2025-01-01 17:20:35.467254,"['H08', 'H01', 'H09']",in_transit,"[['H08', Timestamp('2025-01-01 05:14:35.467254')], ['H01', Timestamp('2025-01-01 07:33:01.253600')], ['H09', Timestamp('2025-01-01 09:45:33.591284')]]"
S0069,H05,H04,147.6,3,2025-01-01 08:05:17.299617,2025-01-01 22:29:17.299617,"['H05', 'H01', 'H04']",in_transit,"[['H05', Timestamp('2025-01-01 08:05:17.299617')], ['H01', Timestamp('2025-01-01 09:54:52.647870')], ['H04', Timestamp('2025-01-01 13:32:44.451057')]]"
S0070,H03,H01,115.7,4,2025-01-01 07:21:58.244238,2025-01-01 23:27:58.244238,"['H03', 'H01']",in_transit,"[['H03', Timestamp('2025-01-01 07:21:58.244238')], ['H01', Timestamp('2025-01-01 11:06:05.636160')]]"
S0071,H03,H07,21.9,3,2025-01-01 08:16:11.633710,2025-01-01 22:58:11.633710,"['H03', 'H01', 'H07']",in_transit,"[['H03', Timestamp('2025-01-01 08:16:11.633710')], ['H01', Timestamp('2025-01-01 09:53:05.120041')], ['H07', Timestamp('2025-01-01 12:57:00.735740')]]"
S0072,H03,H10,6.3,5,2025-01-01 04:46:28.347546,2025-01-01 14:52:28.347546,"['H03', 'H01', 'H10']",in_transit,"[['H03', Timestamp('2025-01-01 04:46:28.347546')], ['H01', Timestamp('2025-01-01 06:18:54.879717')], ['H10', Timestamp('2025-01-01 10:08:19.775595')]]"
S0073,H08,H05,146.0,3,2025-01-01 09:32:25.253616,2025-01-01 13:44:25.253616,"['H08', 'H01', 'H05']",in_transit,"[['H08', Timestamp('2025-01-01 09:32:25.253616')], ['H01', Timestamp('2025-01-01 12:10:53.916840')], ['H05', Timestamp('2025-01-01 16:09:40.460989')]]"
S0074,H06,H04,64.8,2,2025-01-01 00:37:16.475945,2025-01-01 11:07:16.475945,"['H06', 'H01', 'H04']",in_transit,"[['H06', Timestamp('2025-01-01 00:37:16.475945')], ['H01', Timestamp('2025-01-01 04:36:37.722564')], ['H04', Timestamp('2025-01-01 08:23:02.387493')]]"
S0075,H09,H05,188.4,4,2025-01-01 06:54:10.453587,2025-01-01 16:48:10.453587,"['H09', 'H01', 'H05']",in_transit,"[['H09', Timestamp('2025-01-01 06:54:10.453587')], ['H01', Timestamp('2025-01-01 09:09:27.243126')], ['H05', Timestamp('2025-01-01 12:50:37.053449')]]"
S0076,H04,H10,93.7,3,2025-01-01 09:34:24.979327,2025-01-02 05:22:24.979327,"['H04', 'H01', 'H10']",in_transit,"[['H04', Timestamp('2025-01-01 09:34:24.979327')], ['H01', Timestamp('2025-01-01 11:18:25.039188')], ['H10', Timestamp('2025-01-01 13:42:28.957639')]]"
S0077,H06,H07,152.7,5,2025-01-01 07:01:09.866167,2025-01-01 23:49:09.866167,"['H06', 'H01', 'H07']",in_transit,"[['H06', Timestamp('2025-01-01 07:01:09.866167')], ['H01', Timestamp('2025-01-01 10:10:50.445470')], ['H07', Timestamp('2025-01-01 13:18:10.646352')]]"
S0078,H04,H10,158.5,3,2025-01-01 06:48:12.309117,2025-01-01 19:12:12.309117,"['H04', 'H01', 'H10']",in_transit,"[['H04', Timestamp('2025-01-01 06:48:12.309117')], ['H01', Timestamp('2025-01-01 09:52:02.747584')], ['H10', Timestamp('2025-01-01 13:10:56.642855')]]"
S0079,H09,H06,17.0,3,2025-01-01 00:46:51.697997,2025-01-01 13:34:51.697997,"['H09', 'H01', 'H06']",in_transit,"[['H09', Timestamp('2025-01-01 00:46:51.697997')], ['H01', Timestamp('2025-01-01 03:21:14.776464')], ['H06', Timestamp('2025-01-01 05:04:55.569149')]]"
S0080,H09,H04,69.0,2,2025-01-01 05:43:37.260272,2025-01-01 18:01:37.260272,"['H09', 'H01', 'H04']",in_transit,"[['H09', Timestamp('2025-01-01 05:43:37.260272')], ['H01', Timestamp('2025-01-01 07:45:38.050865')], ['H04', Timestamp('2025-01-01 09:27:19.499359')]]"
S0081,H02,H04,180.3,3,2025-01-01 07:10:09.046783,2025-01-01 18:16:09.046783,"['H02', 'H01', 'H04']",in_transit,"[['H02', Timestamp('2025-01-01 07:10:09.046783')], ['H01', Timestamp('2025-01-01 09:58:04.045075')], ['H04', Timestamp('2025-01-01 12:34:49.646966')]]"
S0082,H01,H08,115.0,3,2025-01-01 01:19:09.996234,2025-01-01 14:13:09.996234,"['H01', 'H08']",in_transit,"[['H01', Timestamp('2025-01-01 01:19:09.996234')], ['H08', Timestamp('2025-01-01 03:40:42.163584')]]"
S0083,H05,H01,150.4,4,2025-01-01 03:57:34.153558,2025-01-01 17:15:34.153558,"['H05', 'H01']",in_transit,"[['H05', Timestamp('2025-01-01 03:57:34.153558')], ['H01', Timestamp('2025-01-01 07:36:37.216194')]]"
S0084,H01,H07,198.9,1,2025-01-01 03:26:43.039196,2025-01-01 22:26:43.039196,"['H01', 'H07']",in_transit,"[['H01', Timestamp('2025-01-01 03:26:43.039196')], ['H07', Timestamp('2025-01-01 06:08:22.341369')]]"
S0085,H02,H08,154.9,3,2025-01-01 00:19:02.455357,2025-01-01 16:37:02.455357,"['H02', 'H01', 'H08']",misplaced,"[['H02', Timestamp('2025-01-01 00:19:02.455357')], ['H09', Timestamp('2025-01-01 02:19:02.455357')]]"
S0086,H07,H06,174.6,3,2025-01-01 09:55:42.837549,2025-01-02 04:25:42.837549,"['H07', 'H01', 'H06']",in_transit,"[['H07', Timestamp('2025-01-01 09:55:42.837549')], ['H01', Timestamp('2025-01-01 12:20:50.892756')], ['H06', Timestamp('2025-01-01 14:35:44.190703')]]"
S0087,H07,H02,110.2,4,2025-01-01 06:49:38.292748,2025-01-01 21:19:38.292748,"['H07', 'H01', 'H02']",in_transit,"[['H07', Timestamp('2025-01-01 06:49:38.292748')], ['H01', Timestamp('2025-01-01 10:21:38.604062')], ['H02', Timestamp('2025-01-01 14:02:49.079721')]]"
S0088,H06,H02,108.1,3,2025-01-01 01:47:05.050644,2025-01-01 17:23:05.050644,"['H06', 'H01', 'H02']",in_transit,"[['H06', Timestamp('2025-01-01 01:47:05.050644')], ['H01', Timestamp('2025-01-01 04:58:39.284345')], ['H02', Timestamp('2025-01-01 06:38:54.988813')]]"
S0089,H04,H01,95.3,5,2025-01-01 07:33:42.458935,2025-01-01 23:03:42.458935,"['H04', 'H01']",in_transit,"[['H04', Timestamp('2025-01-01 07:33:42.458935')], ['H01', Timestamp('2025-01-01 10:35:15.332088')]]"
S0090,H07,H09,94.8,2,2025-01-01 03:47:33.952849,2025-01-01 10:17:33.952849,"['H07', 'H01', 'H09']",in_transit,"[['H07', Timestamp('2025-01-01 03:47:33.952849')], ['H01', Timestamp('2025-01-01 06:10:14.642318')], ['H09', Timestamp('2025-01-01 08:12:12.141381')]]"
S0091,H04,H02,124.9,4,2025-01-01 00:19:19.823337,2025-01-01 19:19:19.823337,"['H04', 'H01', 'H02']",misplaced,"[['H04', Timestamp('2025-01-01 00:19:19.823337')]]"
S0092,H01,H04,11.5,2,2025-01-01 02:03:38.938387,2025-01-01 15:39:38.938387,"['H01', 'H04']",in_transit,"[['H01', Timestamp('2025-01-01 02:03:38.938387')], ['H04', Timestamp('2025-01-01 04:06:14.140488')]]"
S0093,H01,H04,50.7,3,2025-01-01 07:24:19.478825,2025-01-01 14:54:19.478825,"['H01', 'H04']",in_transit,"[['H01', Timestamp('2025-01-01 07:24:19.478825')], ['H04', Timestamp('2025-01-01 09:15:19.597099')]]"
S0094,H01,H03,164.1,2,2025-01-01 05:02:20.250562,2025-01-01 20:44:20.250562,"['H01', 'H03']",in_transit,"[['H01', Timestamp('2025-01-01 05:02:20.250562')], ['H03', Timestamp('2025-01-01 08:21:50.332902')]]"
S0095,H06,H10,197.2,5,2025-01-01 02:22:08.545252,2025-01-01 14:40:08.545252,"['H06', 'H01', 'H10']",in_transit,"[['H06', Timestamp('2025-01-01 02:22:08.545252')], ['H01', Timestamp('2025-01-01 04:56:33.043926')], ['H10', Timestamp('2025-01-01 08:25:12.733877')]]"
S0096,H07,H05,120.4,3,2025-01-01 02:45:05.541138,2025-01-01 18:33:05.541138,"['H07', 'H01', 'H05']",in_transit,"[['H07', Timestamp('2025-01-01 02:45:05.541138')], ['H01', Timestamp('2025-01-01 05:51:47.126252')], ['H05', Timestamp('2025-01-01 07:59:00.629497')]]"
S0097,H03,H07,72.2,1,2025-01-01 05:33:30.623975,2025-01-01 19:51:30.623975,"['H03', 'H01', 'H07']",in_transit,"[['H03', Timestamp('2025-01-01 05:33:30.623975')], ['H01', Timestamp('2025-01-01 08:51:41.240725')], ['H07', Timestamp('2025-01-01 11:04:25.528015')]]"
S0098,H07,H09,34.1,3,2025-01-01 03:11:14.440463,2025-01-01 13:11:14.440463,"['H07', 'H01', 'H09']",in_transit,"[['H07', Timestamp('2025-01-01 03:11:14.440463')], ['H01', Timestamp('2025-01-01 04:45:15.860118')], ['H09', Timestamp('2025-01-01 08:22:19.490306')]]"
S0099,H09,H08,172.2,2,2025-01-01 02:24:34.854804,2025-01-01 08:42:34.854804,"['H09', 'H01', 'H08']",in_transit,"[['H09', Timestamp('2025-01-01 02:24:34.854804')], ['H01', Timestamp('2025-01-01 04:25:23.866267')], ['H08', Timestamp('2025-01-01 07:26:26.208094')]]"
S0100,H08,H01,113.7,5,2025-01-01 05:37:25.894185,2025-01-01 11:43:25.894185,"['H08', 'H01']",in_transit,"[['H08', Timestamp('2025-01-01 05:37:25.894185')], ['H01', Timestamp('2025-01-01 08:06:11.653328')]]"
S0101,H04,H05,184.8,4,2025-01-01 02:02:00.122390,2025-01-01 19:38:00.122390,"['H04', 'H01', 'H05']",in_transit,"[['H04', Timestamp('2025-01-01 02:02:00.122390')], ['H01', Timestamp('2025-01-01 05:29:34.336786')], ['H05', Timestamp('2025-01-01 08:58:38.339072')]]"
S0102,H02,H09,57.4,2,2025-01-01 07:14:45.049643,2025-01-01 22:02:45.049643,"['H02', 'H01', 'H09']",in_transit,"[['H02', Timestamp('2025-01-01 07:14:45.049643')], ['H01', Timestamp('2025-01-01 09:42:38.019816')], ['H09', Timestamp('2025-01-01 11:48:47.755616')]]"
S0103,H10,H01,153.5,2,2025-01-01 08:44:10.336506,2025-01-02 00:20:10.336506,"['H10', 'H01']",misplaced,"[['H10', Timestamp('2025-01-01 08:44:10.336506')], ['H02', Timestamp('2025-01-01 10:44:10.336506')]]"
S0104,H09,H04,69.9,5,2025-01-01 04:47:38.191433,2025-01-02 00:05:38.191433,"['H09', 'H01', 'H04']",in_transit,"[['H09', Timestamp('2025-01-01 04:47:38.191433')], ['H01', Timestamp('2025-01-01 06:37:26.037360')], ['H04', Timestamp('2025-01-01 10:16:33.363395')]]"
S0105,H01,H04,27.9,5,2025-01-01 09:22:17.751475,2025-01-02 05:22:17.751475,"['H01', 'H04']",in_transit,"[['H01', Timestamp('2025-01-01 09:22:17.751475')], ['H04', Timestamp('2025-01-01 11:47:06.463641')]]"
S0106,H08,H04,82.3,4,2025-01-01 06:57:22.546285,2025-01-01 14:45:22.546285,"['H08', 'H01', 'H04']",in_transit,"[['H08', Timestamp('2025-01-01 06:57:22.546285')], ['H01', Timestamp('2025-01-01 10:21:47.079726')], ['H04', Timestamp('2025-01-01 14:14:57.156581')]]"
S0107,H06,H05,75.1,3,2025-01-01 03:48:23.822797,2025-01-01 12:00:23.822797,"['H06', 'H01', 'H05']",in_transit,"[['H06', Timestamp('2025-01-01 03:48:23.822797')], ['H01', Timestamp('2025-01-01 05:20:54.027413')], ['H05', Timestamp('2025-01-01 07:01:01.820536')]]"
S0108,H09,H08,145.9,4,2025-01-01 04:39:36.146409,2025-01-01 20:51:36.146409,"['H09', 'H01', 'H08']",in_transit,"[['H09', Timestamp('2025-01-01 04:39:36.146409')], ['H01', Timestamp('2025-01-01 06:15:34.588166')], ['H08', Timestamp('2025-01-01 07:54:38.807902')]]"
S0109,H06,H04,114.7,3,2025-01-01 03:42:25.377172,2025-01-01 11:12:25.377172,"['H06', 'H01', 'H04']",in_transit,"[['H06', Timestamp('2025-01-01 03:42:25.377172')], ['H01', Timestamp('2025-01-01 06:28:24.872610')], ['H04', Timestamp('2025-01-01 09:32:42.008875')]]"
S0110,H03,H01,117.9,5,2025-01-01 02:36:27.867957,2025-01-01 13:18:27.867957,"['H03', 'H01']",in_transit,"[['H03', Timestamp('2025-01-01 02:36:27.867957')], ['H01', Timestamp('2025-01-01 05:08:46.755906')]]"
S0111,H03,H04,167.5,3,2025-01-01 03:17:55.150295,2025-01-01 15:17:55.150295,"['H03', 'H01', 'H04']",misplaced,"[['H03', Timestamp('2025-01-01 03:17:55.150295')], ['H09', Timestamp('2025-01-01 05:17:55.150295')]]"
S0112,H06,H05,146.1,3,2025-01-01 07:38:00.982524,2025-01-01 23:26:00.982524,"['H06', 'H01', 'H05']",in_transit,"[['H06', Timestamp('2025-01-01 07:38:00.982524')], ['H01', Timestamp('2025-01-01 09:49:38.192146')], ['H05', Timestamp('2025-01-01 12:06:07.354117')]]"
S0113,H08,H03,32.3,3,2025-01-01 07:19:39.800533,2025-01-01 20:01:39.800533,"['H08', 'H01', 'H03']",in_transit,"[['H08', Timestamp('2025-01-01 07:19:39.800533')], ['H01', Timestamp('2025-01-01 09:20:08.577979')], ['H03', Timestamp('2025-01-01 12:51:21.118708')]]"
S0114,H03,H09,107.2,5,2025-01-01 09:54:11.647472,2025-01-02 03:18:11.647472,"['H03', 'H01', 'H09']",in_transit,"[['H03', Timestamp('2025-01-01 09:54:11.647472')], ['H01', Timestamp('2025-01-01 12:22:48.230999')], ['H09', Timestamp('2025-01-01 15:27:56.879225')]]"
S0115,H02,H01,169.3,3,2025-01-01 07:38:36.198369,2025-01-01 15:20:36.198369,"['H02', 'H01']",in_transit,"[['H02', Timestamp('2025-01-01 07:38:36.198369')], ['H01', Timestamp('2025-01-01 10:50:45.699531')]]"
S0116,H03,H01,16.8,3,2025-01-01 02:11:13.908208,2025-01-01 16:23:13.908208,"['H03', 'H01']",in_transit,"[['H03', Timestamp('2025-01-01 02:11:13.908208')], ['H01', Timestamp('2025-01-01 05:26:01.991142')]]"
S0117,H10,H08,108.8,1,2025-01-01 06:35:34.236312,2025-01-01 17:11:34.236312,"['H10', 'H01', 'H08']",in_transit,"[['H10', Timestamp('2025-01-01 06:35:34.236312')], ['H01', Timestamp('2025-01-01 10:12:32.449348')], ['H08', Timestamp('2025-01-01 11:51:13.602844')]]"
S0118,H01,H09,60.9,3,2025-01-01 07:13:18.937979,2025-01-01 19:13:18.937979,"['H01', 'H09']",in_transit,"[['H01', Timestamp('2025-01-01 07:13:18.937979')], ['H09', Timestamp('2025-01-01 09:48:29.290276')]]"
S0119,H07,H03,34.0,1,2025-01-01 01:04:12.591433,2025-01-01 08:10:12.591433,"['H07', 'H01', 'H03']",in_transit,"[['H07', Timestamp('2025-01-01 01:04:12.591433')], ['H01', Timestamp('2025-01-01 04:05:32.083073')], ['H03', Timestamp('2025-01-01 06:21:55.693648')]]"
S0120,H09,H05,82.4,2,2025-01-01 08:09:07.718066,2025-01-01 18:09:07.718066,"['H09', 'H01', 'H05']",in_transit,"[['H09', Timestamp('2025-01-01 08:09:07.718066')], ['H01', Timestamp('2025-01-01 11:30:13.641688')], ['H05', Timestamp('2025-01-01 13:18:08.628750')]]"
S0121,H07,H08,49.0,5,2025-01-01 05:39:00.078568,2025-01-01 20:33:00.078568,"['H07', 'H01', 'H08']",in_transit,"[['H07', Timestamp('2025-01-01 05:39:00.078568')], ['H01', Timestamp('2025-01-01 08:54:13.575069')], ['H08', Timestamp('2025-01-01 10:48:48.068747')]]"
S0122,H02,H01,112.8,3,2025-01-01 00:56:06.018195,2025-01-01 05:50:06.018195,"['H02', 'H01']",in_transit,"[['H02', Timestamp('2025-01-01 00:56:06.018195')], ['H01', Timestamp('2025-01-01 03:44:33.066460')]]"
S0123,H01,H03,130.8,4,2025-01-01 00:49:36.700410,2025-01-01 10:07:36.700410,"['H01', 'H03']",in_transit,"[['H01', Timestamp('2025-01-01 00:49:36.700410')], ['H03', Timestamp('2025-01-01 04:07:43.590073')]]"
S0124,H02,H09,180.7,2,2025-01-01 09:11:29.479756,2025-01-02 00:17:29.479756,"['H02', 'H01', 'H09']",in_transit,"[['H02', Timestamp('2025-01-01 09:11:29.479756')], ['H01', Timestamp('2025-01-01 11:00:31.855223')], ['H09', Timestamp('2025-01-01 14:27:41.971042')]]"
S0125,H10,H08,138.5,5,2025-01-01 02:42:39.421898,2025-01-01 11:12:39.421898,"['H10', 'H01', 'H08']",in_transit,"[['H10', Timestamp('2025-01-01 02:42:39.421898')], ['H01', Timestamp('2025-01-01 06:25:37.154736')], ['H08', Timestamp('2025-01-01 09:51:20.027350')]]"
S0126,H09,H01,8.1,5,2025-01-01 01:47:36.762116,2025-01-01 09:05:36.762116,"['H09', 'H01']",in_transit,"[['H09', Timestamp('2025-01-01 01:47:36.762116')], ['H01', Timestamp('2025-01-01 05:18:40.732736')]]"
S0127,H03,H07,115.0,2,2025-01-01 09:17:19.497849,2025-01-01 22:23:19.497849,"['H03', 'H01', 'H07']",in_transit,"[['H03', Timestamp('2025-01-01 09:17:19.497849')], ['H01', Timestamp('2025-01-01 10:56:54.345751')], ['H07', Timestamp('2025-01-01 14:13:45.254985')]]"
S0128,H07,H09,32.3,4,2025-01-01 03:19:02.274226,2025-01-01 23:07:02.274226,"['H07', 'H01', 'H09']",in_transit,"[['H07', Timestamp('2025-01-01 03:19:02.274226')], ['H01', Timestamp('2025-01-01 05:00:35.904508')], ['H09', Timestamp('2025-01-01 07:38:52.684507')]]"
S0129,H02,H09,24.0,3,2025-01-01 07:27:16.436205,2025-01-01 15:09:16.436205,"['H02', 'H01', 'H09']",in_transit,"[['H02', Timestamp('2025-01-01 07:27:16.436205')], ['H01', Timestamp('2025-01-01 10:12:12.926257')], ['H09', Timestamp('2025-01-01 13:07:14.901411')]]"
S0130,H02,H06,121.1,4,2025-01-01 06:03:06.074755,2025-01-02 01:33:06.074755,"['H02', 'H01', 'H06']",in_transit,"[['H02', Timestamp('2025-01-01 06:03:06.074755')], ['H01', Timestamp('2025-01-01 08:11:22.119484')], ['H06', Timestamp('2025-01-01 09:56:48.263719')]]"
S0131,H06,H01,92.9,4,2025-01-01 06:20:28.426107,2025-01-01 14:02:28.426107,"['H06', 'H01']",misplaced,"[['H06', Timestamp('2025-01-01 06:20:28.426107')], ['H01', Timestamp('2025-01-01 09:55:04.430971')]]"
S0132,H09,H07,133.8,4,2025-01-01 04:19:06.526065,2025-01-01 09:43:06.526065,"['H09', 'H01', 'H07']",in_transit,"[['H09', Timestamp('2025-01-01 04:19:06.526065')], ['H01', Timestamp('2025-01-01 05:49:29.642619')], ['H07', Timestamp('2025-01-01 09:28:17.843701')]]"
S0133,H10,H05,21.0,4,2025-01-01 07:58:49.986257,2025-01-01 14:28:49.986257,"['H10', 'H01', 'H05']",misplaced,"[['H10', Timestamp('2025-01-01 07:58:49.986257')], ['H06', Timestamp('2025-01-01 09:58:49.986257')]]"
S0134,H03,H07,6.0,2,2025-01-01 03:10:00.416233,2025-01-01 12:04:00.416233,"['H03', 'H01', 'H07']",in_transit,"[['H03', Timestamp('2025-01-01 03:10:00.416233')], ['H01', Timestamp('2025-01-01 05:06:51.064637')], ['H07', Timestamp('2025-01-01 09:00:54.143946')]]"
S0135,H06,H05,89.0,1,2025-01-01 01:01:20.330908,2025-01-01 13:55:20.330908,"['H06', 'H01', 'H05']",in_transit,"[['H06', Timestamp('2025-01-01 01:01:20.330908')], ['H01', Timestamp('2025-01-01 04:31:48.370286')], ['H05', Timestamp('2025-01-01 07:48:54.557501')]]"
S0136,H09,H07,113.1,1,2025-01-01 01:01:58.545384,2025-01-01 14:37:58.545384,"['H09', 'H01', 'H07']",in_transit,"[['H09', Timestamp('2025-01-01 01:01:58.545384')], ['H01', Timestamp('2025-01-01 03:05:39.183208')], ['H07', Timestamp('2025-01-01 05:12:53.551858')]]"
S0137,H06,H07,156.9,3,2025-01-01 00:07:24.262136,2025-01-01 15:43:24.262136,"['H06', 'H01', 'H07']",in_transit,"[['H06', Timestamp('2025-01-01 00:07:24.262136')], ['H01', Timestamp('2025-01-01 02:25:23.678374')], ['H07', Timestamp('2025-01-01 05:59:17.651334')]]"
S0138,H09,H04,79.2,2,2025-01-01 05:43:10.575507,2025-01-01 11:55:10.575507,"['H09', 'H01', 'H04']",misplaced,"[['H09', Timestamp('2025-01-01 05:43:10.575507')], ['H07', Timestamp('2025-01-01 07:43:10.575507')]]"
S0139,H05,H10,89.8,1,2025-01-01 04:55:52.461920,2025-01-01 15:37:52.461920,"['H05', 'H01', 'H10']",in_transit,"[['H05', Timestamp('2025-01-01 04:55:52.461920')], ['H01', Timestamp('2025-01-01 06:59:21.127469')], ['H10', Timestamp('2025-01-01 09:46:43.094645')]]"
S0140,H08,H02,145.6,5,2025-01-01 03:36:40.496842,2025-01-01 15:30:40.496842,"['H08', 'H01', 'H02']",in_transit,"[['H08', Timestamp('2025-01-01 03:36:40.496842')], ['H01', Timestamp('2025-01-01 06:06:48.820465')], ['H02', Timestamp('2025-01-01 09:48:21.741609')]]"
S0141,H10,H04,6.3,2,2025-01-01 04:34:43.018785,2025-01-01 14:52:43.018785,"['H10', 'H01', 'H04']",in_transit,"[['H10', Timestamp('2025-01-01 04:34:43.018785')], ['H01', Timestamp('2025-01-01 08:00:44.766101')], ['H04', Timestamp('2025-01-01 10:17:21.046067')]]"
S0142,H10,H07,70.3,3,2025-01-01 08:02:26.752630,2025-01-02 01:02:26.752630,"['H10', 'H01', 'H07']",in_transit,"[['H10', Timestamp('2025-01-01 08:02:26.752630')], ['H01', Timestamp('2025-01-01 10:40:57.468214')], ['H07', Timestamp('2025-01-01 13:06:17.742446')]]"
S0143,H10,H03,140.6,4,2025-01-01 03:00:15.670248,2025-01-01 14:42:15.670248,"['H10', 'H01', 'H03']",misplaced,"[['H10', Timestamp('2025-01-01 03:00:15.670248')]]"
S0144,H03,H07,140.5,2,2025-01-01 09:41:14.107983,2025-01-01 21:35:14.107983,"['H03', 'H01', 'H07']",in_transit,"[['H03', Timestamp('2025-01-01 09:41:14.107983')], ['H01', Timestamp('2025-01-01 12:06:28.570632')], ['H07', Timestamp('2025-01-01 16:02:15.290338')]]"
S0145,H10,H04,158.2,2,2025-01-01 03:15:31.904548,2025-01-01 13:03:31.904548,"['H10', 'H01', 'H04']",misplaced,"[['H10', Timestamp('2025-01-01 03:15:31.904548')], ['H08', Timestamp('2025-01-01 05:15:31.904548')]]"
S0146,H10,H04,137.9,3,2025-01-01 05:55:20.173233,2025-01-01 18:43:20.173233,"['H10', 'H01', 'H04']",in_transit,"[['H10', Timestamp('2025-01-01 05:55:20.173233')], ['H01', Timestamp('2025-01-01 08:02:06.315102')], ['H04', Timestamp('2025-01-01 09:33:03.716047')]]"
S0147,H08,H04,140.1,2,2025-01-01 04:23:04.378355,2025-01-01 21:29:04.378355,"['H08', 'H01', 'H04']",in_transit,"[['H08', Timestamp('2025-01-01 04:23:04.378355')], ['H01', Timestamp('2025-01-01 06:28:01.358032')], ['H04', Timestamp('2025-01-01 08:49:59.171312')]]"
S0148,H07,H08,54.3,3,2025-01-01 01:23:30.448417,2025-01-01 07:53:30.448417,"['H07', 'H01', 'H08']",misplaced,"[['H07', Timestamp('2025-01-01 01:23:30.448417')], ['H04', Timestamp('2025-01-01 03:23:30.448417')]]"
S0149,H07,H10,98.5,5,2025-01-01 00:44:22.744881,2025-01-01 11:08:22.744881,"['H07', 'H01', 'H10']",misplaced,"[['H07', Timestamp('2025-01-01 00:44:22.744881')], ['H01', Timestamp('2025-01-01 07:22:32.615584')]]"
S0150,H09,H07,75.1,4,2025-01-01 05:26:11.227322,2025-01-01 23:44:11.227322,"['H09', 'H01', 'H07']",in_transit,"[['H09', Timestamp('2025-01-01 05:26:11.227322')], ['H01', Timestamp('2025-01-01 08:15:39.557724')], ['H07', Timestamp('2025-01-01 10:21:23.066075')]]"
